jmeno,vek,mesto
Karel,28,Praha
Karel,33,Praha
Petr,58,Plzen
Jan,53,Plzen
Marie,29,Praha
Eva,64,Ostrava
Eva,24,Plzen
Karel,59,Praha
Karel,62,Olomouc
Petr,52,Praha
Anna,61,Ostrava
Karel,25,Brno
Karel,55,Brno
Jan,27,Brno
Marie,40,Brno
Marie,53,Olomouc
Petr,69,Praha
Jan,60,Brno
Jan,70,Olomouc
Marie,19,Ostrava
Jan,58,Plzen
Anna,37,Ostrava
Eva,22,Praha
Jan,28,Plzen
Petr,53,Plzen
Jan,44,Ostrava
Karel,25,Brno
Lucie,23,Brno
Eva,34,Praha
Anna,56,Ostrava
Jan,36,Plzen
Tomas,52,Praha
Eva,60,Olomouc
Marie,61,Praha
Lucie,47,Praha
Karel,19,Ostrava
Jan,23,Olomouc
Petr,65,Praha
Jan,60,Olomouc
Marie,40,Praha
Marie,39,Ostrava
Tomas,66,Ostrava
Petr,26,Olomouc
Eva,32,Olomouc
Jan,56,Plzen
Lucie,50,Praha
Tomas,58,Plzen
Anna,70,Olomouc
Eva,53,Ostrava
Karel,34,Olomouc
Marie,46,Plzen
Jan,39,Ostrava
Anna,49,Plzen
Anna,56,Plzen
Eva,45,Praha
Petr,55,Praha
Anna,65,Praha
Jan,40,Brno
Jan,44,Praha
Eva,36,Olomouc
Eva,30,Olomouc
Karel,36,Praha
Marie,69,Praha
Anna,28,Brno
Lucie,46,Olomouc
Karel,67,Praha
Jan,54,Ostrava
Anna,35,Plzen
Karel,42,Praha
Karel,38,Praha
Eva,62,Plzen
Marie,41,Olomouc
Eva,62,Praha
Eva,62,Ostrava
Lucie,61,Plzen
Anna,55,Ostrava
Marie,60,Brno
Lucie,34,Olomouc
Lucie,67,Olomouc
Eva,33,Praha
Jan,67,Praha
Marie,70,Olomouc
Lucie,24,Plzen
Karel,27,Brno
Marie,27,Olomouc
Marie,21,Praha
Petr,68,Plzen
Jan,69,Praha
Karel,28,Brno
Lucie,25,Olomouc
Lucie,49,Olomouc
Eva,23,Brno
Tomas,46,Olomouc
Eva,41,Plzen
Eva,67,Plzen
Tomas,40,Ostrava
Marie,31,Ostrava
Lucie,37,Olomouc
Eva,41,Plzen
Lucie,64,Plzen
Karel,26,Brno
Anna,45,Ostrava
Jan,20,Olomouc
Jan,36,Plzen
Eva,43,Brno
Tomas,54,Brno
Tomas,33,Olomouc
Karel,19,Ostrava
Jan,34,Olomouc
Marie,47,Ostrava
Jan,24,Ostrava
Karel,49,Plzen
Jan,40,Brno
Marie,35,Ostrava
Marie,48,Brno
Anna,53,Praha
Lucie,68,Olomouc
Marie,39,Praha
Lucie,32,Plzen
Eva,67,Ostrava
Jan,60,Plzen
Jan,50,Praha
Karel,56,Olomouc
Marie,62,Ostrava
Marie,19,Ostrava
Petr,29,Olomouc
Eva,42,Brno
Lucie,25,Olomouc
Eva,61,Brno
Jan,55,Praha
Lucie,41,Praha
Eva,38,Ostrava
Marie,18,Ostrava
Eva,28,Ostrava
Eva,20,Brno
Lucie,42,Praha
Eva,47,Ostrava
Tomas,70,Plzen
Eva,21,Plzen
Anna,36,Plzen
Tomas,21,Brno
Tomas,68,Praha
Marie,58,Praha
Marie,53,Ostrava
Lucie,39,Praha
Eva,57,Ostrava
Lucie,67,Ostrava
Karel,27,Olomouc
Jan,29,Olomouc
Lucie,59,Brno
Eva,33,Ostrava
Marie,69,Olomouc
Petr,32,Brno
Petr,25,Praha
Eva,39,Praha
Eva,24,Ostrava
Eva,49,Ostrava
Tomas,42,Brno
Petr,61,Plzen
Petr,69,Olomouc
Lucie,28,Ostrava
Eva,68,Olomouc
Tomas,20,Praha
Petr,49,Brno
Marie,55,Plzen
Anna,69,Brno
Petr,25,Olomouc
Lucie,61,Ostrava
Jan,48,Brno
Lucie,38,Praha
Eva,64,Olomouc
Karel,24,Brno
Marie,62,Praha
Marie,52,Plzen
Marie,39,Ostrava
Tomas,31,Brno
